date,pm25_mean,pm25_max,pm25_std,pm25_count,fire_count,brightness_mean,brightness_max,confidence_mean
2010-04-07,35.01446842200882,59.89808286825591,7.094053623663465,8982,533,310.16022514071295,343.1,53.930581613508444
2010-05-02,31.791941214442392,81.50187374580058,11.044201836882907,8982,293,315.59351535836174,347.7,62.18088737201365
2010-05-04,36.3164321467669,126.4556188323148,19.904534851679102,8982,415,317.00506024096387,358.1,63.69638554216868
2010-10-07,62.30050080285529,188.1211265361347,40.17941435130535,8982,300,308.58299999999997,346.9,56.35666666666667
2010-10-09,53.23457366350302,126.26084124937285,19.916321511390912,8982,614,309.1799674267101,371.0,57.27198697068404
2010-10-19,43.82499824639745,211.3540379958764,27.71309670825923,8982,448,312.45691964285714,373.6,58.924107142857146
2010-10-20,48.630236500950076,176.99993586422974,24.373913030308163,8982,510,312.25333333333333,381.3,60.02156862745098
2010-10-21,64.55393729597915,170.13682273931963,31.78925669108229,8982,1508,315.116976127321,397.8,60.79774535809018
2010-10-22,79.74823685680595,218.85447937467788,41.00077006190848,8982,295,310.39830508474574,405.5,53.62033898305085
2010-10-26,21.45474873216536,45.00422000777197,3.9281321463249825,8982,371,315.17358490566033,395.5,61.99460916442049
2010-10-27,36.164270795640455,132.71851590921142,12.228177424648939,8982,301,312.2554817275747,386.2,60.714285714285715
2010-10-28,38.84574935538728,135.98124804228306,18.879882949100974,8982,612,310.0,388.6,57.43300653594771
2010-10-30,54.481794133269055,243.58673652531496,32.801464563629146,8982,1087,307.41554737810486,381.6,54.565777368905245
2010-10-31,39.49458826582025,226.50652556653552,27.234086431792864,8982,397,308.4690176322418,373.3,55.82367758186398
2011-04-03,31.23097720494847,54.73742174527107,6.852023816548684,8982,475,311.67431578947367,369.6,57.40842105263158
2011-04-04,39.38556502543599,94.71139891578744,11.606653413189772,8982,655,315.8920610687023,434.8,62.26412213740458
2011-04-05,47.985094144310835,115.7746454759267,9.613679607645983,8982,585,312.0488888888889,373.8,59.753846153846155
2011-04-08,28.405850787861276,51.25390718785942,3.5298195799252,8982,311,313.0061093247588,415.1,60.643086816720256
2011-04-12,31.12268951142081,69.84458688080096,7.514285987862205,8982,433,314.1799076212471,379.0,60.65357967667436
2011-04-13,37.46566657328432,103.84898040627483,10.208365015044661,8982,343,316.6192419825073,415.4,61.04373177842566
2011-10-05,49.547765276560455,138.01815946017564,22.099101864389,8982,481,310.6463617463617,411.4,59.50935550935551
2011-10-07,37.428209157917195,176.45049902449324,15.133613668635375,8982,610,307.39295081967214,388.2,53.708196721311474
2011-10-08,45.501768890558544,136.39939879518823,19.68783525182269,8982,832,310.48689903846156,424.3,58.52283653846154
2011-10-10,24.100404090668743,124.0965687596225,10.800240072426305,8982,1087,308.9931922723091,361.3,57.78380864765409
2011-10-11,29.13647749362382,93.16052864439162,11.30641240450843,8982,506,307.450395256917,370.5,53.3498023715415
2011-10-12,41.58976140179776,158.58570939950968,21.45327771418429,8982,2218,308.7027502254283,359.5,56.92696122633003
2011-10-13,79.47423402833817,262.4699642329253,43.01467766133852,8982,722,306.90138504155124,354.0,52.34903047091413
2011-10-14,85.63369547443813,244.4431570223724,46.96665397590598,8982,392,306.74387755102043,377.5,50.04081632653061
2011-10-19,66.99255796439358,208.79835885755776,31.804101790026802,8982,1798,306.96329254727476,385.6,52.760289210233594
2011-10-20,114.92753626225766,290.6414453182418,57.43510924572113,8982,301,308.28039867109635,394.9,51.627906976744185
2011-10-21,122.427299087084,394.90995925854776,75.97878962829647,8982,929,309.0912809472551,378.9,54.593110871905274
2011-10-22,144.15262424642694,465.3943133539736,92.95588630081089,8982,592,306.3347972972973,334.2,50.810810810810814
2011-10-24,30.863652611481875,155.09877348950135,16.659090221665426,8982,294,314.6734693877551,389.1,59.1530612244898
2011-10-25,34.86977001480393,202.21916155898015,19.598532635016905,8982,363,311.31790633608813,369.7,56.94490358126722
2011-10-26,56.21817136631325,174.67550009193062,26.449357444966257,8982,1136,310.9595950704225,407.3,57.36795774647887
2011-10-28,82.62659020887784,307.9394093104314,58.82892744927922,8982,379,311.36200527704483,408.2,56.21899736147757
2011-10-29,60.209749528432575,170.76629785232075,27.523131544655335,8982,1138,308.77636203866433,389.1,53.158172231985944
2011-10-30,102.91791251269552,302.9891724607658,51.18347310863993,8982,295,307.67694915254236,356.5,54.60677966101695
2011-10-31,129.195418017804,421.3078210142707,93.8014922596665,8982,358,305.8153631284916,336.6,52.30446927374302
2011-11-02,31.606656099792467,93.0793412041733,8.22607456141133,8982,1182,306.6214043993232,378.2,51.99069373942471
2011-11-03,53.8477228698604,187.205118536394,30.317318992773018,8982,335,304.58029850746266,335.9,45.44477611940299
2011-11-07,36.80372756508562,110.7697905255343,12.245594954184394,8982,431,310.4276102088167,373.1,57.37819025522042
2011-11-08,38.54811263294732,133.28856387969157,15.580630005239696,8982,426,310.76455399061035,362.6,59.586854460093896
2011-11-09,48.97067357524049,158.58840649005367,24.263141730323035,8982,624,310.4775641025641,367.5,58.145833333333336
2011-11-10,46.5914520873854,194.69687069362703,21.27924192247617,8982,524,310.92805343511446,384.9,57.650763358778626
2011-11-11,76.3422717749665,246.4172190971228,38.78152440313439,8982,361,307.697783933518,383.9,56.00831024930748
2012-03-25,25.015762740085556,45.77344392890387,3.2601055056393258,8982,331,316.1069486404834,419.8,61.65558912386707
2012-03-27,37.43640247628305,109.28677994958038,14.239481622688231,8982,500,309.3084,378.2,57.868
2012-04-03,26.191968011181427,50.41543470342496,3.5189961870588102,8982,381,308.75931758530186,371.3,54.71391076115486
2012-04-07,35.14548059804133,86.40905366751312,7.885331472129771,8982,643,310.96640746500776,380.0,59.19595645412131
2012-04-14,34.52904393851901,75.42889353293856,8.69173612506866,8982,443,314.5489841986456,414.7,62.29119638826185
2012-10-26,51.494643381977255,141.7137255654836,25.179991073325287,8982,763,306.06828309305376,352.6,49.462647444298824
2013-04-22,47.99171369124708,110.08514218222255,18.452367839691966,8982,993,310.89425981873114,369.2,56.4551863041289
2013-04-29,51.3104708559219,135.8711245760481,15.984220585251427,8982,419,310.55369928400955,359.3,57.58472553699284
2013-05-03,33.21813590239274,95.50331261278026,10.030518860957546,8982,613,315.0396411092985,360.0,60.296900489396414
2013-05-04,39.85114278367543,142.71861572474285,17.305323696202183,8982,310,318.61451612903227,396.4,59.08387096774194
2013-05-05,33.78460146749046,83.45178104296384,10.094553541590301,8982,512,316.40078125,371.6,60.111328125
2013-05-06,39.157095742474795,126.81922010480037,11.066242810933545,8982,462,316.6186147186147,343.8,60.04978354978355
2013-05-07,62.4458088675892,145.6774398270989,18.117566149982636,8982,512,314.79453125,351.6,59.248046875
2013-05-08,65.00984698695764,140.14927384147063,18.284350201619965,8982,468,319.1333333333333,382.7,62.164529914529915
2013-10-06,57.180371500432976,155.64761121042378,24.387036221414114,8982,309,307.67896440129454,349.8,53.50809061488673
2013-10-08,26.207728915719525,71.7297756253469,8.506679485192063,8982,662,306.52447129909365,344.4,52.968277945619334
2013-10-09,43.38806295294337,165.15576639510493,27.844799970080192,8982,508,309.5311023622047,353.5,56.59842519685039
2013-10-10,62.27735867272495,176.21613012835928,35.01472815824347,8982,635,306.3946456692913,349.4,52.185826771653545
2013-10-13,23.43427018692641,78.66752748259621,7.279380042883343,8982,559,307.71216457960645,354.9,55.409660107334524
2013-10-15,24.476698812934266,70.84301715499949,7.601987191725886,8982,444,306.7427927927928,335.9,53.6509009009009
2013-10-17,66.74638479247167,277.7914146535388,38.46390926708055,8982,1062,307.55009416195855,364.0,52.483992467043315
2013-10-18,92.29568719006171,237.00632518568412,45.63181051788917,8982,1302,306.2702764976959,349.1,50.39170506912443
2013-10-19,126.54665137802087,387.3806876025547,85.82708027634642,8982,372,306.91774193548383,340.1,51.56720430107527
2013-10-22,142.19229728316657,486.31809693319497,80.395131018486,8982,354,308.7127118644068,360.7,55.889830508474574
2013-10-24,62.028286816267126,177.8686938036599,29.246290884833055,8982,369,323.01436314363144,409.6,68.53658536585365
2013-10-31,43.48289095203335,128.86704513821127,22.535216978448496,8982,494,307.51153846153846,392.7,52.43927125506073
2013-11-03,75.2419378787131,309.9756001596831,58.13759957393224,8982,435,308.4554022988506,381.5,55.197701149425285
2014-03-13,34.3239917961391,86.29915263354874,9.445278124041577,8982,322,305.1217391304348,332.7,53.51242236024845
2014-03-22,34.66017533711489,72.74246429276901,11.512832431173088,8982,351,310.86524216524214,348.7,58.13960113960114
2014-03-29,31.68837568800041,72.70135214997802,7.872628628394511,8982,378,311.24920634920636,351.7,57.666666666666664
2014-03-31,28.339873837052853,61.32402567294487,5.791804050072495,8982,524,311.02080152671755,358.2,56.295801526717554
2014-04-06,32.66456577693418,80.60887472878062,7.765359747777456,8982,304,309.58190789473684,402.9,55.276315789473685
2014-04-07,36.225338784084805,97.11331188388534,9.901229442628916,8982,827,315.46686819830717,373.9,61.34340991535671
2014-04-09,32.853489308435094,116.64570434087508,17.851590814287846,8982,1121,314.6313113291704,388.5,62.64763603925067
2014-04-10,28.998644603730806,78.97797664770079,8.308049775815741,8982,698,311.33782234957016,375.5,58.53868194842407
2014-04-11,33.191107713444644,92.38923905676111,8.958313874199977,8982,1018,313.6909626719057,384.2,61.052062868369354
2014-04-12,37.868454930618014,94.04644733285194,11.941044175488642,8982,612,315.05964052287584,371.4,60.91503267973856
2014-04-13,41.9227233845654,138.91147935833672,14.443201132070076,8982,969,315.0831785345717,399.9,60.69246646026832
2014-04-14,41.135501780406294,99.06839763983784,16.907355353493273,8982,490,314.21346938775514,375.0,61.289795918367346
2014-04-15,23.401082576374893,43.69605074917145,4.377288896486264,8982,417,308.47338129496404,364.1,55.32374100719424
2014-04-16,26.63544000474058,62.48046951546567,9.08146637288877,8982,574,310.02142857142854,402.8,57.62891986062718
2014-04-18,28.32353637910454,74.41974700521159,7.285087755905613,8982,666,313.5231231231231,366.4,59.72072072072072
2014-04-19,37.053797683230556,82.1664997270559,10.730015174033662,8982,399,312.6847117794486,345.1,58.100250626566414
2014-09-07,22.71109624827967,52.328949208532435,5.989958426101688,8982,304,313.7947368421053,360.5,61.42434210526316
2014-10-06,26.420484371578453,95.1684339632448,8.548121406649049,8982,829,305.6376357056695,353.7,48.37394451145959
2014-10-13,25.209446092798906,120.20907011066288,10.4090168830623,8982,1086,305.9421731123389,363.2,51.05340699815838
2014-10-14,47.225974621327886,261.39327730082516,34.150469416470784,8982,1313,308.7161462300076,393.8,54.62680883472963
2014-10-15,50.45121179800607,202.8773078894081,27.767011239907145,8982,686,307.7734693877551,349.2,51.12827988338192
2014-10-16,38.76061862201056,168.19771969616772,22.72302093049177,8982,1339,309.70126960418224,365.8,57.60268857356236
2014-10-17,45.16278087029928,143.30106368263162,27.339088468101735,8982,662,308.4407854984894,349.1,53.02114803625378
2014-10-18,67.46704839976856,280.05858499914217,46.72201496437827,8982,2917,309.51371271854646,388.7,56.440521083304766
2014-10-19,53.62247198454508,149.5498441544204,29.18646116210917,8982,731,310.6404924760602,377.1,57.14774281805745
2014-10-20,27.726968657043198,92.2816152672009,14.089448177394246,8982,1459,309.42501713502395,360.2,55.36052090472926
2014-10-21,34.23488320706162,179.74457042727892,21.433557758567666,8982,1374,306.43937409024744,364.3,51.14774381368268
2014-10-22,73.04025041015596,384.9034078638928,57.82092133204312,8982,1327,307.7849284099472,353.4,53.882441597588546
2014-10-23,88.11437872104554,290.34370255808506,57.99553989852915,8982,2611,308.58395250861736,365.5,54.14860206817311
2014-10-27,31.875086837545343,101.62564096047764,12.179686022490728,8982,973,307.3384378211716,355.6,52.32168550873587
2014-10-28,59.362422154255256,256.59851747822137,38.45705315894031,8982,900,305.71855555555555,375.8,47.48555555555556
2014-10-29,96.71513783889985,442.3791512532462,61.57734831337006,8982,1179,306.72001696352845,372.0,49.808312128922815
2014-11-03,28.05178235686398,137.11255948311378,10.008660534461786,8982,793,307.32269861286255,351.1,52.58007566204287
2014-11-04,48.667559062045804,302.77926750071543,27.758345702934797,8982,541,305.97190388170054,353.9,48.79297597042514
2014-11-05,48.566354669747014,154.02925211348403,27.491040075849497,8982,565,306.7116814159292,368.1,52.81238938053097
2014-11-06,25.726515776846956,123.50301012047132,8.999412993000481,8982,404,307.7740099009901,360.3,53.84405940594059
2014-11-07,34.49353619388576,175.33265454076113,15.178608054404277,8982,339,308.9657817109144,361.3,55.825958702064895
2014-11-08,47.62234102042062,208.58226902578085,28.840308290407066,8982,1074,307.77830540037246,361.7,53.61173184357542
2014-11-09,61.388526583490034,316.20540039644106,42.084636307352426,8982,342,307.21520467836257,350.1,54.72222222222222
2014-11-10,68.5154524475333,277.7438325807757,46.84202630616977,8982,1747,307.81482541499713,365.7,52.99484831139095
2014-11-19,72.62216275036151,227.69498534474573,27.639900674638,8982,426,308.62981220657275,356.0,54.347417840375584
2015-03-20,27.551897973654132,61.830758532056,5.571267177320722,8982,317,307.68517350157725,352.5,51.82018927444795
2015-03-21,27.391175893330605,83.65944501159484,7.022318487681123,8982,565,310.08477876106195,375.0,55.03008849557522
2015-03-23,27.574911118258633,60.36570560280972,4.569045337360608,8982,817,307.3657282741738,388.7,52.354957160342714
2015-03-25,53.009712207568995,106.19099153310108,9.91325410699073,8982,1104,311.64202898550724,392.9,58.70199275362319
2015-03-26,61.0549030958148,121.96940052720528,13.077322888371448,8982,492,312.6920731707317,363.7,57.27439024390244
2015-03-29,45.01511115033074,94.05468981528014,17.316484417116577,8982,327,309.211620795107,357.4,56.305810397553515
2015-03-31,30.256981886854167,70.96127696694154,11.079559433791104,8982,702,309.4317663817664,385.0,55.63960113960114
2015-04-01,38.81977384281452,112.7609740456298,12.828665408457196,8982,1739,311.83858539390457,395.2,58.66187464059804
2015-04-03,42.75404140226796,116.38303187753031,17.30860810259849,8982,546,310.6203296703297,383.0,58.83516483516483
2015-04-12,31.70546458932544,70.68552776263247,9.716575060853762,8982,676,311.32011834319525,388.3,57.73372781065089
2015-04-13,41.70408307496621,100.69291435374048,11.11198919624864,8982,466,314.29957081545064,424.7,59.17381974248927
2015-04-14,56.77151175728749,152.6016709559068,17.86643550074318,8982,1993,314.57471149021575,390.7,60.421475163070745
2015-04-15,64.10376944001285,132.19866313766997,16.064754360224725,8982,1450,315.27393103448276,375.7,58.75793103448276
2015-04-19,40.87542398675363,85.57560900682087,12.307014097727311,8982,779,315.83042362002567,384.7,62.291399229781774
2015-04-24,23.413455956839794,45.909523713040656,3.7684657248190283,8982,521,317.45335892514396,393.0,63.46257197696737
2015-04-25,33.62274093110141,87.10018026888491,9.884262109541842,8982,537,316.540782122905,360.2,65.0707635009311
2015-04-26,43.25488663947392,104.4069347105685,16.962112626297007,8982,1479,324.84131169709264,428.4,66.89655172413794
2015-04-27,41.84096726659185,91.41903700270242,14.187604840317897,8982,373,313.51394101876673,364.8,58.75603217158177
2015-04-28,44.48872982264315,89.99001886385535,12.580293936911861,8982,949,322.4239199157007,413.4,65.67439409905164
2015-04-30,39.52893394561023,76.07156757564479,9.644509535126556,8982,436,317.375,385.6,63.022935779816514
2015-10-21,32.6286206069251,191.33531153712264,18.538590333821105,8982,824,307.54077669902915,378.0,55.695388349514566
2015-10-22,38.137706869079516,163.497861701135,20.497144692762884,8982,861,309.43763066202087,389.6,55.39488966318235
2015-10-23,36.62749267863935,149.86098123682578,22.067393374007626,8982,2365,310.01378435517967,429.9,56.874841437632135
2015-10-24,30.34004595934617,179.23134029026966,17.14117486237958,8982,1233,311.8073803730738,394.4,58.29034874290349
2015-10-25,57.004799507843416,224.6752627406098,30.466482442595453,8982,2513,313.57867091126144,500.0,57.680063668921605
2015-10-26,97.97667061220967,237.12491169348425,32.077622250119354,8982,419,314.0040572792363,357.3,54.63484486873509
2015-10-30,34.935446445401425,128.7570014749951,20.841357815557032,8982,808,310.89257425742574,398.6,56.48638613861386
2015-10-31,40.71247483503057,145.7190148552325,24.199522181684785,8982,931,308.16133190118154,357.2,52.44897959183673
2015-11-01,69.60669764237466,257.28037947795036,45.92316682576546,8982,2850,311.6668421052632,442.0,56.810526315789474
2015-11-02,99.00370546438303,395.0031564449976,71.78873469367801,8982,2250,307.2143111111111,353.6,51.10444444444445
2015-11-03,123.37864264251549,613.02506859531,88.17387854846521,8982,1465,309.26744027303755,374.8,55.42730375426621
2015-11-04,67.41886755306409,231.76919911051095,35.84975541284665,8982,1992,310.14939759036145,375.7,55.09989959839358
2015-11-05,37.25104270893186,217.74759405831895,24.96199748970535,8982,671,309.2058122205663,365.5,54.48733233979136
2015-11-06,67.91447666795725,308.3618011383865,56.9262483099467,8982,1902,310.1360672975815,385.5,55.362250262881176
2015-11-07,71.00334614324095,373.55870072740373,59.77786082829443,8982,355,306.74732394366197,338.4,49.32112676056338
2015-11-11,92.39165384378438,293.5081365719408,44.530062544050146,8982,554,310.8234657039711,376.2,59.16064981949459
2016-03-13,17.705421080774673,41.74475738556204,4.583249801822665,8982,309,307.49967637540453,370.3,49.42718446601942
2016-03-15,34.680036056326344,86.52686095631424,11.036038519066249,8982,580,308.76189655172413,374.5,52.87586206896552
2016-03-16,37.04049361086417,106.06158051712887,13.865604120667573,8982,768,311.93385416666666,404.4,58.057291666666664
2016-03-20,29.386575791724923,120.42707885721852,16.65916053929737,8982,917,311.1744820065431,378.5,58.70119956379499
2016-03-22,17.49727327036546,45.18444981423742,6.788109523795251,8982,305,315.37606557377046,383.2,58.40983606557377
2016-03-23,19.56213339651088,49.841281195452574,7.6075350114494675,8982,827,310.11269649334946,397.4,56.39782345828295
2016-03-24,26.365513031155373,65.17369135291884,9.636333572859158,8982,1181,309.7861134631668,390.0,56.36409822184589
2016-03-25,41.74311697526941,133.7185574627507,22.96368367031401,8982,2478,313.9626715092817,390.9,61.26553672316384
2016-03-26,35.65998485343958,139.3657792558322,21.24588400416398,8982,1353,311.9868440502587,403.3,59.033259423503324
2016-03-27,45.40344615257726,138.91932621294723,20.83526622415821,8982,1665,310.9218618618619,394.6,57.35675675675676
2016-03-28,52.5906722942155,115.67748239485834,17.10903447463104,8982,335,309.41641791044776,354.8,56.49850746268657
2016-03-29,37.19802951511905,106.53345809095474,12.465252435602746,8982,1444,312.1727146814405,370.2,58.40027700831025
2016-03-31,52.822959319301575,147.0044276376671,17.138912935211597,8982,2187,311.8092821216278,384.2,60.03932327389118
2016-04-05,20.135950435361362,60.73223579659442,6.678697333338307,8982,476,311.91365546218486,366.1,54.80882352941177
2016-04-06,27.925083367912244,87.85986915756975,12.37234131509332,8982,552,310.90380434782605,339.6,57.08876811594203
2016-04-07,22.18243415701201,59.910675037227456,8.143156655490639,8982,383,308.8759791122715,365.9,54.994778067885115
2016-04-11,29.68195771641146,83.32410616515439,14.110490654104641,8982,485,312.1546391752577,356.9,56.457731958762885
2016-04-14,40.85922764904182,90.00043404286079,14.740206699369617,8982,593,314.9865092748735,375.1,59.09106239460371
2016-04-19,21.44502887002005,53.50883806257838,5.75778199054715,8982,431,318.2129930394431,374.9,64.6798143851508
2016-08-29,11.352475831504915,26.171564346301786,2.965789575145654,8982,419,314.26801909307875,385.0,62.48687350835322
2016-10-14,46.67905214908853,154.140651703202,25.88583913095261,8982,494,306.65060728744936,363.2,51.7914979757085
2016-10-27,31.42392142257844,144.95701561652078,17.35918796933856,8982,525,312.3542857142857,455.6,56.500952380952384
2016-10-28,31.59219714099756,119.17524532464272,18.675405290455632,8982,746,308.36233243967826,366.2,54.09517426273459
2016-10-29,26.014583564983866,108.65484376187834,14.885330432002636,8982,374,308.3157754010695,357.4,52.05614973262032
2016-10-30,34.80037682057079,144.31811497532465,23.666905376446053,8982,479,308.79853862212946,349.4,52.511482254697285
2016-11-01,36.96603878627625,171.38530367160183,22.96493479709848,8982,890,309.1841573033708,378.5,55.95280898876405
2016-11-02,40.76133555817345,223.89256952099583,31.315503177125017,8982,424,307.28018867924527,343.9,50.48349056603774
2016-11-03,46.316461326004934,198.678920713438,33.310013583641016,8982,702,309.21737891737894,351.6,53.93589743589744
2016-11-06,52.90356913536229,222.33721278620547,31.453753924275084,8982,336,310.80863095238095,369.1,55.80654761904762
2017-03-11,64.67342693754253,198.63014350040623,31.002574805771793,0,375,307.616,344.0,51.768
2017-03-14,64.67342693754253,198.63014350040623,31.002574805771793,0,715,307.1630769230769,362.0,53.57482517482517
2017-03-16,64.67342693754253,198.63014350040623,31.002574805771793,0,717,308.37475592747563,354.2,54.65550906555091
2017-03-18,64.67342693754253,198.63014350040623,31.002574805771793,0,420,307.2347619047619,345.4,52.99047619047619
2017-03-19,64.67342693754253,198.63014350040623,31.002574805771793,0,510,308.46411764705886,350.1,53.37450980392157
2017-03-21,64.67342693754253,198.63014350040623,31.002574805771793,0,625,307.90576,383.2,53.7488
2017-03-23,64.67342693754253,198.63014350040623,31.002574805771793,0,516,309.8282945736434,409.5,54.43023255813954
2017-03-25,64.67342693754253,198.63014350040623,31.002574805771793,0,889,309.5204724409449,370.3,55.128233970753655
2017-03-26,64.67342693754253,198.63014350040623,31.002574805771793,0,362,310.775138121547,399.8,52.51381215469613
2017-03-27,64.67342693754253,198.63014350040623,31.002574805771793,0,489,309.3795501022495,356.8,54.740286298568506
2017-03-28,64.67342693754253,198.63014350040623,31.002574805771793,0,1109,311.24950405770966,359.9,56.85752930568079
2017-03-29,64.67342693754253,198.63014350040623,31.002574805771793,0,358,309.62374301675976,351.4,54.87709497206704
2017-03-30,64.67342693754253,198.63014350040623,31.002574805771793,0,1332,311.8265015015015,398.4,57.82132132132132
2017-03-31,64.67342693754253,198.63014350040623,31.002574805771793,0,720,308.7861111111111,364.2,53.24722222222222
2017-04-01,64.67342693754253,198.63014350040623,31.002574805771793,0,2389,310.504018417748,374.3,58.34365843449142
2017-04-02,64.67342693754253,198.63014350040623,31.002574805771793,0,1606,312.4464508094645,388.0,58.06288916562889
2017-04-03,64.67342693754253,198.63014350040623,31.002574805771793,0,2206,313.0256119673617,406.5,59.48776065276519
2017-04-04,64.67342693754253,198.63014350040623,31.002574805771793,0,1493,315.1176825184193,360.1,60.37374413931681
2017-04-05,64.67342693754253,198.63014350040623,31.002574805771793,0,1593,313.2416195856874,414.7,61.48210922787194
2017-04-06,64.67342693754253,198.63014350040623,31.002574805771793,0,595,312.4731092436975,366.1,60.54621848739496
2017-04-07,64.67342693754253,198.63014350040623,31.002574805771793,0,293,310.8296928327645,367.0,58.85324232081911
2017-04-08,64.67342693754253,198.63014350040623,31.002574805771793,0,579,312.272884283247,371.3,59.46632124352332
2017-04-09,64.67342693754253,198.63014350040623,31.002574805771793,0,1036,310.8407335907336,377.0,58.061776061776065
2017-04-10,64.67342693754253,198.63014350040623,31.002574805771793,0,782,311.8228900255755,374.2,59.78132992327366
2017-04-11,64.67342693754253,198.63014350040623,31.002574805771793,0,425,309.848,359.1,56.04470588235294
2017-04-12,64.67342693754253,198.63014350040623,31.002574805771793,0,443,311.38781038374714,373.6,57.309255079006775
2017-04-13,64.67342693754253,198.63014350040623,31.002574805771793,0,795,314.56930817610066,390.5,61.4314465408805
2017-04-14,64.67342693754253,198.63014350040623,31.002574805771793,0,1129,313.9544729849424,371.3,59.52524357838795
2017-04-15,64.67342693754253,198.63014350040623,31.002574805771793,0,1839,318.3833605220228,449.6,63.25285481239804
2017-04-16,64.67342693754253,198.63014350040623,31.002574805771793,0,749,311.9747663551402,361.0,58.43391188251001
2017-05-03,64.67342693754253,198.63014350040623,31.002574805771793,0,297,319.4185185185185,391.8,61.56565656565657
2017-10-15,64.67342693754253,198.63014350040623,31.002574805771793,0,317,308.12965299684544,376.7,52.39432176656151
2017-10-16,64.67342693754253,198.63014350040623,31.002574805771793,0,330,307.1251515151515,364.4,49.83030303030303
2017-10-17,64.67342693754253,198.63014350040623,31.002574805771793,0,842,307.3940617577197,339.9,52.6270783847981
2017-10-19,64.67342693754253,198.63014350040623,31.002574805771793,0,855,306.3224561403509,378.1,51.03157894736842
2017-10-20,64.67342693754253,198.63014350040623,31.002574805771793,0,311,308.11479099678456,345.5,55.533762057877816
2017-10-24,64.67342693754253,198.63014350040623,31.002574805771793,0,766,309.41005221932113,368.5,56.853785900783286
2017-10-25,64.67342693754253,198.63014350040623,31.002574805771793,0,510,309.884705882353,359.4,53.81372549019608
2017-10-26,64.67342693754253,198.63014350040623,31.002574805771793,0,1931,315.5572760227861,411.4,63.48524080787157
2017-10-27,64.67342693754253,198.63014350040623,31.002574805771793,0,447,309.5480984340045,365.3,55.45413870246085
2017-10-28,64.67342693754253,198.63014350040623,31.002574805771793,0,744,311.445564516129,383.0,53.33467741935484
2017-10-29,64.67342693754253,198.63014350040623,31.002574805771793,0,618,310.554854368932,357.2,53.28155339805825
2017-10-30,64.67342693754253,198.63014350040623,31.002574805771793,0,851,312.1514688601645,387.4,56.10223266745006
2017-10-31,64.67342693754253,198.63014350040623,31.002574805771793,0,1142,311.9125218914185,418.5,56.56830122591944
2017-11-01,64.67342693754253,198.63014350040623,31.002574805771793,0,968,315.49535123966945,372.0,52.48450413223141
2017-11-02,64.67342693754253,198.63014350040623,31.002574805771793,0,772,314.22875647668394,384.0,53.44818652849741
2017-11-03,64.67342693754253,198.63014350040623,31.002574805771793,0,326,309.6760736196319,385.7,47.809815950920246
2017-11-04,64.67342693754253,198.63014350040623,31.002574805771793,0,355,310.7025352112676,393.1,54.43943661971831
2017-11-05,64.67342693754253,198.63014350040623,31.002574805771793,0,1304,308.6111963190184,355.9,50.556748466257666
2017-11-06,64.67342693754253,198.63014350040623,31.002574805771793,0,592,308.7721283783784,350.3,54.035472972972975
2018-03-21,29.87974634690181,60.49267246185882,8.107370501192117,8982,394,307.5624365482234,337.8,52.45685279187817
2018-03-22,37.875186059596274,104.84915073446004,15.100547426889595,8982,540,311.22648148148147,351.0,56.05925925925926
2018-03-24,36.275482049740454,109.01643529581445,15.619361088379598,8982,1119,314.09830205540663,419.9,59.90080428954423
2018-03-25,38.729842949098355,92.61255482231827,15.412918442777382,8982,386,312.2367875647668,348.0,58.4300518134715
2018-03-26,50.487847071865914,131.02145311248677,19.34941274236825,8982,1297,315.6832690824981,389.0,61.65535851966076
2018-03-28,24.710478717559287,107.47615274605492,12.325366669231645,8982,361,310.90969529085874,368.4,54.64819944598338
2018-03-29,21.902825598560945,95.76798911844998,9.721804840998468,8982,509,309.8390962671906,342.9,55.37917485265226
2018-03-30,47.33311269192024,203.2486481050552,26.607920484552036,8982,1168,311.36986301369865,356.4,57.21404109589041
2018-04-04,18.80303058226616,78.50255271510622,8.615704172260658,8982,1117,309.1058191584602,403.1,55.88719785138765
2018-04-06,33.37594271201838,101.24845997668388,19.689827308562137,8982,577,312.56499133448875,368.5,57.005199306759096
2018-04-07,35.958035667047724,169.782221432343,24.417376637050467,8982,413,309.71743341404357,363.8,54.714285714285715
2018-04-09,35.77594894681733,180.72488628772535,19.36954517317173,8982,951,315.1880126182965,392.5,61.645636172450054
2018-04-22,21.8090313570992,69.33225669266706,7.382062016752107,8982,378,313.5669312169312,383.3,58.076719576719576
2018-04-24,26.53759324979525,78.01550835362397,11.748853934144483,8982,397,316.45566750629723,371.1,59.904282115869016
2018-04-25,27.492781198211677,83.1480832488775,12.399676303926489,8982,637,320.2850863422292,395.6,60.141287284144425
2018-04-27,24.00365941001793,70.37787765847831,7.8331617062844545,8982,420,315.1671428571429,402.3,58.22857142857143
2018-09-11,17.59734620758163,43.29987205824906,6.16404385685494,8982,341,308.8589442815249,344.1,58.457478005865106
2018-10-25,25.550150436678095,78.95267785895814,7.515340494595895,8982,570,315.96350877192987,364.8,64.34912280701755
2019-02-09,31.660165823610694,164.41854297603624,21.47101795280143,8982,299,308.77190635451507,356.4,52.608695652173914
2019-02-18,40.30864979748756,108.2744735701832,16.73177891720956,8982,314,307.95063694267515,379.9,53.01273885350319
2019-02-23,41.24437399426884,296.8319254701127,22.54324531231485,8982,1324,311.33496978851963,409.7,54.98413897280967
2019-02-25,41.73298625070438,245.235717616348,28.240150736702006,8982,1144,313.40305944055945,364.9,50.80769230769231
2019-02-26,64.20541348048071,575.4260737257019,46.80049777670287,8982,861,313.9639953542393,375.8,49.663182346109174
2019-02-27,129.1192460987412,481.5516062750146,97.34844669156048,8982,3019,311.16485591255383,398.9,52.72639947002319
2019-02-28,101.15082966981676,419.6180168184449,79.36887922369057,8982,755,307.257880794702,353.3,49.77218543046357
2019-03-01,74.79622822718495,349.0588375260665,53.38718874456242,8982,467,307.4132762312634,464.8,53.12419700214133
2019-03-02,54.656116470047095,148.14011187261073,24.336978455089668,8982,466,306.43090128755364,367.9,53.47639484978541
2019-03-19,41.69626333416617,200.20532804909217,25.10136525906372,8982,337,311.89080118694363,384.8,56.23738872403561
2019-03-22,24.73752147002189,201.52201762510583,13.462255299598327,8982,379,312.54591029023743,396.8,55.343007915567284
2019-03-23,26.05626963837492,197.46476315770897,11.303935387765321,8982,602,310.4762458471761,356.8,53.27242524916944
2019-03-24,28.41166077948302,133.73117701211788,13.230506346720635,8982,1196,315.65576923076924,432.5,60.2566889632107
2019-03-27,18.018292570697668,46.21504204636757,4.710832911120565,8982,490,310.15755102040816,402.6,57.012244897959185
2019-03-29,28.139485458874297,105.21609608233229,12.767033375625521,8982,429,311.24638694638696,381.3,56.205128205128204
2019-04-02,21.5372727366687,60.58831571714375,6.432227671494146,8982,941,312.19819341126464,383.0,58.90116896918172
2019-04-03,23.532231269886918,49.27052240234248,6.1382655856410855,8982,380,314.6931578947368,386.4,61.607894736842105
2019-10-23,33.02750421544096,106.23503944847008,16.263405216609133,8982,448,316.62098214285714,390.6,64.921875
